,algorithm,accuracy
0,LogisticRegression,81.32530120481928
1,DecisionTreeClassifier,72.89156626506023
2,KNeighborsClassifier,65.06024096385542
3,GaussianNB,80.12048192771084
4,SVC,63.85542168674698
5,RandomForestClassifier,81.32530120481928
6,GradientBoostingClassifier,78.91566265060241
