,algorithm,accuracy
0,LogisticRegression,73.68421052631578
1,DecisionTreeClassifier,74.12280701754386
2,KNeighborsClassifier,62.71929824561403
3,GaussianNB,71.9298245614035
4,SVC,57.89473684210527
5,RandomForestClassifier,80.7017543859649
6,GradientBoostingClassifier,77.63157894736842
